- დო თე კაჭიჭი მუჭომ ჸურძენიდ ან მუ ფერიდ?	What kind of grape was Kachichi? What color was it?
- ჭიფანაა... ჭიფანა ჸურძენ უუღუ.	It has small... small grapes.
ჭიფანა კაკალეფ უღუუ.	It has smaller grapes.
ჯგირ ღვინ უუჩქუ, ჯგირო ქჷდარინუანქი დო, უჩა ღვინი.	Good wine is made of it if you make it properly, red wine.
ხოოდო კაჭიჭიშ უმუშო ადესა ღვინ მუთუნ ვაარე, კოჩანას კაჭიჭჷ არძეენს.	And, without Kachichi, Isabella wine is nothing. It is Kachichi that gives it strength.
ხოო ათეჲ გურშენი დიო კაჭიჭი რე, ადრე მოშმელენს.	And, owing to this, Kachichi is prior. It ripens earlier.
კაჭიჭის დოჭახუნდეს, ქოდარინუანდეს, უკულ ადესას დოწილუნდეს, თის ქუდარინუანდეს დო უკულ ათე ღვინს ართმაჟიას ქუხოლუანდეეს.	Kachichi was squeezed and wine was made. Later, Isabella was squeezed and wine was made. Later, the wines were mixed.
ოოდო თინა უმოსო აუჩარენდუ ადესას.	And, it made Isabella darker.
ადესას ბრელ მუთუ ინა ვაუღ, მუ ჯოხო, ღვინობაჲ დიდ მუთუნ ღირსება ვაუღ ისი დო.	Isabella does not have much that, what do you call it. It does not have much worth of wine.
კაჭიჭ არძენდუ მუჭოთი ძალას არძენდუუ, კოჩანას არძენდ ღვინსი დო ფერს ხოლო არძენდ დო არომატის ხოლო არძენდ.	It was Kachichi that gave it strength, power, and gave it color as well. It have aroma too.
ადესა ჯგირ არომატ უღ, მარა კაჭიჭ გეთმუუძინაანდ ხოლო დო ათე უჩა ღვინი, ართმაჟია ხოლაფირი ჩქიმ ბაღანობას არძას უღუდ.	Isabella has good aroma; however, Kachichi increased it, and, in my childhood, everybody had a mixture of these two wines.
ათაქ ჩქიმ მეზობელეფს, არძას უღუდ თე კაჭიჭ დო ადეს მეტ მუთუნ ვაჩანდ თაქინეშის.	Here, all of my neighbor had Kachichi and Isabella. Nothing else thrived here.
ხოდო ჩეეში ჩაანდუ ხოლო ჩქიმ ბაღანობას.	Well, Cheshi too thrived in my childhood.
ჩეში ჯოხოდუ, ნოვას უძახუნა მაჟიანერო.	Its name was Chemi, also known as Nova.
ჩე ჸურძენიე თენა.	This is a white grape.
ხოოდო ეთიშე ჩე ღვინს ოდგინანდეეს.	And, white wine was made of it.
თის ხოლო მუშ ინა ოკო, გიჩქუდას ოკო მუნერო დაარინუე.	You should be competent how to make it.
ჯგირო ქჷდარინუანქ დო შამპანურჯგურა ღვინ ქოდოდირთუ, მუსით ჯოხო დო.	If you make it well, the wine will be like a champaign as such.
უკულ არ დღა უღ თის, ეთიმ დღას გინაჩირთუ დო მუშით ქოოდოცენს.	And, it has a specific day; if you miss the day, its grapes will fall down.
ოოდო ეთი დღააშახ მუთუნფერო გოწილე ოკო, ნამდა ვადოცუასიი.	You have to manage to pick them on that day not to let them fall down.
- თე ბებ დო ბაბუს მუთუნ წეს უუღუდესო ეშ დორინაფაში განსაკუთრებუჲ?	- Did grandmother and grandfather know a special method for making it?
- უჩქუდეეს, მუნეფს უჩქუდეს.	- They did; they knew it.
ა, ხო ქოიწი ასე, დაჩხირს იკმუურძანდეს.	I did tell you that they set fire near it.
ეთექ მიორჩქიედ, კარს ვაგაჯანდეს, ჩხურუქ ვემილასია დო ეთექ დაჩხირს იკარძანდეეს.	They took care of it there. They did not open the door not to let cold in, and they set fire.
სიტიბა ოკონია ღვიინსი, ჩხურუქ ვამოხვადას ოკონია დო ღვიინსი.	They used to day that wine needed warmth and cold should not reach it.
უჩქუდეს მუ დროს გეუწირუდეს, გეიობეესკო.	They knew when to squeeze it, when to move it into fermenting bottles.
მაგაჲითო, ღვინ ხო ბრეჲხანს ვეშილებე ჭაჭას გაჩემებული, დეძმარებუნია დო.	For exmple, wine should not be left in grape skins and pips; it will turn into vinegar.
უჩქუდეს მუ დროს გეუბუნუდესკო, მუ დროს გინუწირუდესკო ოკოდ.	They knew when to move it to fermenting bottles, when to filter it.
უკულ მაჟიაშა გინოწირდჷდ, თხოლოს მირინუანდუ.	When it got lees on it, they filtered it for the second time.
ფუნაფაას უკულ ბოცაშა დინი..	After fermentation, wine was moved into a demijohn.
ეთექ ხოლო ფუუნდ ღვინ, მშუ გვალეჯგირო.	I remember well that wine kept fermenting in it too.
შანქარს უხოლუანდეს, უშანქარეთ ასე ჩქინ ჸურძენ, ათაქიან ვეერგუ.	Sugar was added to it. Without sugar, our local grape is not worth.
ოოდო სიროპის დაფუნუანდეეს დო ეთის ქუხოლუანდეეს, მუჟამსით დოჭახუნდეს თიმდროსჷ.	Syrup was made and added when grapes were squeezed.
ოოდო გვაჲე ჯგირ ღვინ იშმელეენდუ დო ბაღანეფს ხოლო მარძენდეეს ჭიე ჭიეთ, ფშუუ.	And, very good wine was made, and we, children were allowed to drink a little, as I remember.
თიჯგუა გემუან ღვინ ორდ.	It was such a delicious wine.თვითონ ასე მა სოდეთ მუვშენქინ, თე სოფელს ჯოხო ზუბი.	The name of the village, I work presently, is Zubi.
თვითონ თე წარმომავლობა თე სიტყვაში, სოვრე მორთუ ზუბიქინ, დიდი ფიქრი ვაკო თეს, რუსეფიშ მუშულაშ უკული ოკო რდას დო თე ტერიტორია, ადრე, ა, სოდეთ ასე სოფელიენ, თენა ჸოფე ხობწყარპიჯი.	As for the origin of the word, it is not difficult to guess. It should have occurred after the Russian invasion. The territory, where the village is located presently, was a bank of the Khobistskali river.
ანუ დასახლება ვაჸოფე.	That is, there was no settlement.
ოდო მიდგარენი კოს მინოჸვე ურემი, ოდო ქუძირუ რუსი მიდგარენი განწარებული გილერულე დო ქოუკითხირ მუ გოკონია, თუ მუ გაწუხენსიან, თეს უთქუალ ზუბი, ზუბია დო კიბირს ნოჭუე.	A man going with his cart and saw a trouble Russian running, and, when he asked what was happening to him, the answer was: "Zub, Zub." It appeared that he suffered from tooth-ache.
მარა ინდროს რუსული სოფელს მითინს ვაუჩქუდუ, ოდო თე კოჩშა ხოლო მუთუნი, ასე ვთქვათ, შენწება თე მეურემეში განშე ვაჸოფე.	But, in those times, nobody in the village spoke Russian, and the carter didn't give him a hand of help.
მარა თვითონ თე სახელი ზუბი უცხო სიტყვა რდუნი, ბოლოს ეთი უბანშა ქიგუდვალუნა, სოდეთ ამდღარი ჩქინი სოფლელეფი ცხოვრენანი.	However, the name Zubi, as a foreign word, was eventually given to the neighborhood where my fellow villagers live presently.
სკოლა რე ზუბისი.	There is a school in Zubi.
ოშაყარალი მაღაზია ცალკე მიღუნა.	There is a shop where we come together.
ადრე აფთიაქი ხოლო მიღუდეს მარა ვაჸუნს იზმა, ასე ვთქვათ, მომხმარებელი დო იშ დიკილუ.	In the past, we had a pharmacy as well; however, it doesn't have enough customaers and it was closed.
იირფელი მუთ ქორთულ წესენს ახასიათენსინ თე სოფელიშ დინახალე, ირფელი ისრულებუ.	Everything what pertains to Georgian customs is performed in the village.
ახალი წანაში მულა, ქირსეში აღნიშვნა.	We celebrate New Year's Day, Christmas.- ქუჩუჩის ... ასე ვარე ქუჩუჩიშ სეზონი.	There is a tradition of Kuchuchi [=Chichilaki, a Christmas tree made of hazelnut branches]. Now, it is not a Kuchuchi season.
მინ ტრადიციათჷ ჭუნა ვარდა ობინეხეეს, ვარდა ორტვინს ეშმადვანა, მარა მა ბჩუანქ, მუშენდა მოკო თენა ბრელქ ქოძირასი.	Sometimes, following the tradition, it is either burnt in a vineyard or placed in a vegetable garden but I keep them because I want many people to see it.
ქუჩუჩ რე უმოსო სამარგალოშ დო გურიაშჷ ტრადიცია.	Chcichilaki is more traditional in Samegrelo and Guria.
კალანდობას კულტურა ხოლო უმოსო ჩქინ რე, ქოიჩქუნა.	You know tradition of "Kalanda" is predominantly ours.
დო მარგალ კოჩი, სამარგალოს ახალწანა დო კუჩხა კალანდა ვარდუ ქუჩუჩიშ უმშო.	A Megrelian man in Samegrelo, can hardly be imagined without a chichilaki on the New Year's Day, on First Footing, nad on Kalanda (Christmas).
ანა თხირშე რე კეთებულჷ, მარა შურამიაშე ხოლო ორთუდეს.	This one has been made of a hazelnut but it is also made of a tree of heaven.
ასე ჩქი ქიგუაჸუნით გიშაძიებას, სოურე მორთ თენა, მუს ნიშნენც.	Now, we have to explore where chichilaki has come from, what it means.
რე ჟირ ვერსია.	There are two versions.
ართ ვერსიათ ბასილი, წმინდა ბასილიშ ბჟაკე რენია იჩიებუნა დო თინა მოხვარნანია ახალწანაშ სერს თუ ქირსეშ სერს დო თიშენ რენია.	According to one version, it is said to be St Basil's hear and that it will bless us on the New Year's Day on Christmas, and, hence it is.
მაჟია ვერსია ხოლო არსებენს, ათაქ ხო უშკურეფს გიამარგენა, დუც ხოლო თეს, ანა ნიშნენსია პლანეტებიშჷ, დედამიწაშ გილულასჷ ბჟაშჷ გარშემო.	There is another version: the fact that apples are fixed on top of it implies the movement of planets, of the earth around the sun.
მუკი მუკი არის გარშემო.	Muki-muki means around.
ათაქ უღუ უშკურეფი, ვარდა მუდგაინ ხილი, დუც ხოლო უღუ დო ათენა ნიშნენსია, პლანეტებიშ ბჟაშ გარშემო გილულას დო ათნა ხოლო ჩხორია რე.	Here on its sides, there are apples or some other fruit, there are also some on top of it; they say that this symbolizes the movement of planets around the sun, and, besides, "Chkhoria" [=sun ray].
თქვა ქოიჩქჷნანო ჩხორია მურე?	Do you know what "chkhoria" means?
მურე ჩხორია.	What is "chkhoria"?
- ქიფჩიათ თიშე ხოლო.	Let's talk about it as well.
-ჩხორია ქართულად არი მზის სხივი, ათენეფ რე ჩხორიეფი.	Chkhoria denotes a sun ray. These are chkhoria [=shaved parts of a chichilaki].
-აი მუ დროს დუთმოდგუნდჷ თე ქუჩუჩის მარგაჲ კოჩი?	When did a Megrelian individual installed a chichilaki?
- ასე მუჭო რდუ, მექუჩუჩე სოფელსჷ ჸუნდუ, ოფუთეს ჸუნდუ.	Well, it happened that a village had a master of chichilaki.
არგუსოშ ბოლოშახ შაყარანდუ ათე ნოჸელეფსი, კეტეფსჷ დო იჭყანდ უკული, მუშ პერიოდის უჩქუდ მუჟამ დიჭყუკო თეშ თოლუა.	He collected branches, stickes, till the end of August, and, then he began; he knew when to begin shaving a chichilaki.
მუშენდა გვიან გაკეთი და ვეგჷშგალე.	Because, if you begin latee, you will fail.
დო ახალწანაშ პერიოდის იჭყანდეს მონწყუალას.	People begin decorating it in the period prior to the New Year's Day.
მა ბაღანობას ხოლო ბშუ თხირიშ ნოჸელეფ უღუდუ დო ხილეფი დო კამფეტეფი დჷ თეშ გონწყუალა.	What I also remember from my childhood is that it had hazelnut branches and that itwas decorated with candies.
დო დიაჩქიმ ხოლო იჩიებუდუ, თენერი რდჷ თიშ ბაღანობას ხოლო.	My mother said that a chichilaki was the same in her childhood.
დიდო თე ტრადიცია თირელ ვარე.	This tradition has not changed considerably.თექ [ბერთემს] რე ხოლო დედამოკა.	Here, in Betlemi, there is also a location called "Dedamoka".
ხო და დედამოკააში ისტორია თენერიე ნამდა თი შკა ოშკაბანე საუკუნეემსია, კოჩ თქუანსჷნ, მახუთაა საუკუნეშეე მავითოხუთაშახ შუა საუკუნეეფი დჷ დო თიშ უკულ ხოლო თე ჩქინ სამარგალოს და საერთოდ საქორთუოს ირო გითმიანთხუუდუ თურქეფი.	The history of Dedamoka is the following: in the middle ages, as people say, from the 5th century till the 15th, and after that, Samegrelo and, Georgia, at large, were invaded by Turks.
მა თაშ გამიგებუ თენა.	I have heard it.
ბაღანობაში ის გირაგადჷქ, მუჭო მიხსნენდეს თეს.	I am telling you how I was told about it in my childhood.
მა საერთოდ ირო მაინტერესენდ ისტორია.	Generally, I have always been interested in history.
დო თე მუჟანს ვარდუო კოჩიი ჩქინ ოჯახშა სტუმარი ქიმიშუ, ვარდა მუთუნინი, თინეფ მუთუნ ჯვეშ ამბეებს მოყვენდეს და, მა თექ გევოხედ დო ირიათო გაფაციცეფით უჯინეედი თინემს.	Whenever a guest visited our family, or something happened, people told old stories, and I used to sit there listening very attentively.
დო თენეფიშ ნარაგადშე... .	I am telling you what I have heard from them.
ასე ვერსია ნამუთ ინტერნეტის გეძჷნ, ჭიჭე შხვანერიე დო მა ათაშ მაფ გჷნაგეფ თენა, ნამდა, ათე დედამოკაშ ტერიტორიასჷ მოკათ ოსურს გამათხოზუა დამპყრ... თურქიქ.	Presently, the version, which is published in the Internet, is slightly different, and I have heard that it was the territory of Dedamoka where a pregnant woman was chased by a Turk.
ქოძირუა თემომენტის თეენა, ნამუც წყარს ეშმა..	He saw the pregnant woman who was taking water from the spring.
წყარ, წყურგიჲშე წყარ მოუღუდუა, ხოდა გამათხოზუა თექ ოჭოფალო.	She was taking water from the spring, and the Turk chased her in order to catch her.
ონიი, ირტუა თე მოკათ ოსურქ.	The pregnant woman ran away.
ირტუანჷ, ტეხირ პიჯშე ირტუა, დიდყობკონი თიგურშენი.	She ran away; she ran away towards the bank of the Tekhuri river in order to hide herself.
ონი გამათხოზუ ე კოჩიქ ხოლო.	And, the man chased her.
გამაათხოზჷნი, ტახირს ხო ქაადირთჷ ასე, ქაადირთ, მუ ქიმნას ასე ტეხირსჷნი, გაჩერდუა თე ოსურქ, გაჩერდუა დო თე თურქიშ ხეს ეშალკონ თიშა ისხუნუუა ტეხირშა ქასხაპუკოვანი.	When she was chased, she reached the Tekhuri; she came there and she didn't know what to do. The woman stopped, and, in order not to get caught by the Turk, she jumped into the Tekhuri.
თი მომენტისია, ლეგენდა რე - ტეხირქ დეჭიჭარუა.	In that moment, as the legend goes, the Tekhuri decreased.
თი ადგილს მართაჲო ჭიჭე რე, ძაამ ვიწრო ხეობა რე თი ადგირს, თი დედამოკა რე თექ.	The river is actually small in that location. The gorge is very narrow where there is Dedamoka.
დო ათე ოსურქ ქაასხაპუა დო გეგნოსხაპუა მაჟია ნაპირიშა.	The woman jumped onto the opposite bank of the river.
მა ათაშ მაფუდ გინაგებ, ინტერნეტის თაშ ვეგეძ.	This is what I have heard. This version isn't available in the Internet/
ქუას გიგიოსხაპუა დო გექვაუა, ათაშ გეძ	That version says that she jumped onto a rock and turned to stone.
-აჰა	Aha.
- ხო დო მა ვარ, ბაღანობას თაშ ჯვეშეფ ჩქი ათაშ მიწიინდეს, ნამდა გესქიდუა თექ, ოდოო ირტუა თეთ.	And, I have not heard the Internet version. In my childhood, aged people told that the woman survived and escaped.
ათე თურქიქ ხოლო ქასხაპუაა, მარა ექ წყარ ქენაანთხუა იშო, ვეგნასხაპუა.	The Turk too jumped into the river but he didn't reach the opposite bank.
იშო დიიშკვიდუა თე თურქიქ.	The Turk drowned.
ოდო თიშ უკული თი არდგილს, რახანთ ასე მოკათ ოსურიში გიგნასხაპინა ადგილი რე თინანი, თი ადგილს დედამოკა ქიგიადუა დო ასე ხოლო დედამოკა ჯოხო თი ადგილს.	And, since then, the place where the pregnant woman jumped was named Dedamoka, and it is called Dedamoka.
დო ქუა ხოლო ნამუთ თექ რენი, ეთი ქუა ნამუც გიოსხაპუა თი ოსურქჷნი, თი ქუაქ უკული მიიღუა იშ ფორმა მოკათ... მოკათ ოსურიშ.	And, the rock, which is there on which the woman is said to have jumped on, the rock took a shape of a pregnant woman.
ხო, ოსურიშ, ქალის ფორმა, ანუ ოსურიშ ფორმა მიიღუა.	And, the rock took the shape of a woman.
ოდო ექ ნუ შხვა ვერსია რე ნამდაა გექვაუა დო ნუ მაინც ესე იგი, თი, ისა თურქის ხეს, ხექ ვეშიეხ.	And, there, in the Internet, there is a different version that she turned to stone, that is to say that Turk failed to reach her.- აი, თქვა ამზადენთ ლაარჭემს.	Well, you make this pipe.
აი, ათაქ გეძ ასე ლაარჭემი დო თეეს მუჭო აკეთენთ.	Here is a pipe; how do you make it?
აი, მუშე აკეთენთჷ დო თეს მუ... მარგაჲეფ სო მითმიოგანდეეს, მუს მითმიოგანდეეს?	Well, what is it made of? Where did Megrelians played it?
- აასე კინ თი ბოშიშ ჭყოლოფუა რე თენა.	It is still thanks to that guy, Dito.
სერგი მაკალათიაშ წიგნი ქაშამიოლ ხეშა.	I happened to get a book by Sergi Makalatia.
თექ საოცარო აფ ეჭარილ თენა დო თი წიგშე მუთ მიჩქჷნ, ათეს მახოლო ქიგეჩიებუთჷ.	He provides an amazing description of a pipe. I'll tell you what I know from the book.
ლარჭემიშ ბაზრობა ჸოფედ ხოობის.	It says that there was pipe fair in Khobi.
ოდო ათავრე მიშჷნ პიროვნება ხობშა, ბაზრობაშანჷ, მეზობელ მეზობელს ოჩინანდ, ლარჭემ ქუმომჯუმევა.	When someone from here went to the fair in Khobi, his neighbor asked him to buy a pipe for him.
ქომჸიდია დო ქუმომჯუმევა.	He asked to buy and bring it.
ათე საკრავ ვაოფედ, თენა რდჷ საქონელიში მჷკართინაფალჷ ინსტრუმენტი, ნამუთუთუ, ესე იგი, ბრუო ინა რე თენა, ჟირი, ოთხი, ამშვ, რუო.	It was not a musical instrument. It was a shepherd's pipe to summon livestock back. This is to say there are eight reed stems, two, four, six, eight.
ბრუო კალამია რე აკოსკვილჷ თენა, ათე რუო კალამიაშე.	Eight stems are tied up. It is made of tied up eight stems.
ართ ართ საკრავიე ათენა, ნამუთ წყაარს იშოლუ.	It is one of the musical instruments which is soaked in water.
წყარ ქიგიბათუ დო უკულ უღ საოცარ ხმა დო ანა ხოლო ვესვა..	Water is poured onto it, and, then, it has an amazing sound.
ათჷნა რე ლაკაციაჲ ეშვებით სკვილი, მარა თეშ ოკო რდას ოკო სკვილი, თენა ვაკოციასი დო დუდ ვეძირედასჷ ოკო.	It is connected by means of acacia thorns; however; they should be tied up so that they will not dissemble, and the top of the knot is to be visinle.
დაჭყაფუ დო დასასრულ ვეძირედას ოკო სოთინჷ.	A beginning and end of the knot should not be visible anywhere.
ათჷნა გუაკეთჷ დო ათე ზომეფ მა ხოო ლააფ ვამჩქჷდ თეჲ დო წარმოდგენა ვამღჷდ მუ დჷნ.	Dito provided me with the sizes, and this is what I made. I couldn't play it and had no idea what it was.
დო წარმოგიდგინებ, ათენა ეთი ბაღანა ბოშიქ ქუმორთ, დემურ ბიძიავა, თქუ, მუზეუმს მაფუნია ნაძირეფჷ დო წარმოიდგინ, თენა თექ თბილისშა გურაფულენდჷ დო უკულ აბარენდჷ თი პერიოდიჲ მიდურთუმუდ დო თენა არძა დუზიმუდჷ ათაშ დინახაეშე, ქუთხუუ ოდო ქუმომიღ ზომა.	Can you imagine? The child, the boy, Dito came and said: "Uncle Demuri, I have seen it at the museum". Imagine, he studied in Tbilisi and then passed exams. In that period, he went to the museum and measured all the pipes from inside; he asked the museum to allow him. And, he brought me the sizes.
გუაკეთით თენა, ენა უკვე ნაღდაას თინა რე, მუთუ რდჷნი.	I made this. It actually was a copy of the original version.
მაჟია ქუაჩუქჷ მუსჷ.	I presented Dito with another one.
მასმა - ბათუმურ პიროვნება დჷ თენა, გვარ გუმოჭყორდ, ათეე ხალხურ ფოლკლორს იჭარანდჷ.	As for the third one, there was a man from Batumi, I forgot his last name, who recorded folklore.
ვა... ვა... ვაფშ გვარ.	I don't remember his surname.
ოდო წარმოიდგინი, ეთის ქუაჩუქჷ.	And, imagine, I presented him with it.
უფრო სწორად, გუკეთი დო ქიმუჯღონ თაურენგანჷშე.	More exactly, I made and sent it to him.
ასეე ათეშიი უპრატესობა მურე?	Well, what is its advantage?
ათჷნად მაგალთოო ჩხოულეფსჷ შხვა ხონარით უძახჷდეს, კურუენს შხვა ხონარით, მოზვერ... მოზვერენს შხვა ხონარით.	It was that, for example, cows were summoned with one sound, oxen - with another, and calf - with still another. Various livestock were summoned with various sounds.
ოდო აარძა დჷ საქონელიშ მჷკართინაფალჷ დო დაძახინალჷ.	All of the pipes were for calling and makeing return.
უკულიი მუჭო სალამურ, ჭყიშენს უღუდეს იგივეთ მუკართინაფალი თეში, უკულ საკრავო გინირთჷნ თეში, გინირთ თექ ხოლო მიოგამალო საკრავო.	Initially, a shepherd's pipe was used for calling livestock; later, it became a musical instrument.
ასე მა ქიმუოშვიტინანქ თეეს.	Now, I'll whistle with it.
ასე თქვაცალო ჩაბერვათ, ასე დინობარუათჷ.	You have to blow it.
ათექ მა მუთ გინომით თე ბაღანაქჷ ქოიჩქჷნო?	Do you know how Dito surprised me?
ბაღანას უძახჷქ, ქჷმაპატი გიო, ინა, მუ ჯოხო, დედაა..	I'm calling the child, I'm sorry, Gia, what is his name, God...
- დიტო.	Dito.
- დიტო.	Dito.
სახელ ხოლო ქა...ქაშმომოჩირთ ჩქაქ.	I made a mistake about his name.
,,დილა მშვიდობისა საქართველოშა’’ ჸოფე მოწვეულ დო დომრეკ ახალ ინას.	He was invited to the show "Good Morning, Georgia" and called me.
ოდო დემურ ბიძიავა, ჭუმე ოჭმარეს ქორჩოდჷნიაო.	He said: "Uncle Demuri, aren't busy tomorrow in the morning?"
მუშენი?	I said: "Why are you asking?"
მუდგარენ მოკონ თიქ ვათქუ დო დოირეკჷნქია დო დომრეკ ვითიშ გვერდის.	He said he wanted something. He couldn't tell it to me and promised that he would call me. He called me at half past nine.
დემურ ბიძიავა, ასე ქემერთია, ტელევიზორ ჩართია, მიწუ დო მუკჷვოჯინიო, ამარ ქოვძირ.	He said: "Uncle Demur, now go and switch on you TV". I watched it and saw him there.
დო წარმოიდგინ, ჩქიმ ნაკეთებ ჩონგურით დო ათე ჩელა ვარდუო ბიძია მიოგჷნ, მა ათაქ ჩილამურც იმგარდი, თი დონეშა.	Imagine, he played "Chela" with the lute made by me, my dear. I liked it so much that I cried here with tears running down.
ხო ქჷგახიოლუა გემორაგადუ თევრეგანშე, მუ ჯოხომაქ-უწიი.	He added: "Are you glad?"; I said that I, of course, was glad.
ათენათ რთულიე, მარა თი დონეშა ქიმიოგ დო კაკალე დიხაჲ ჟირხოლოჲ ჩაბერვა ხოლო [რდჷ დო].	It is difficult to play the pipe but he played it so well that sometimes he blew in two pipes.
თენა ირდ სოდგადნჷ ათავრე წალენჯიხაშ რაიონჷშა, თიჯგუა დაინტერესებულიე თენა.	Dito visited Tsalenjikha District because he is rather interested in musical instruments.
ოდო ეთექჷ ჯვეეშ ჭყჷშიქ დაგურუ თეენა.	There, in his village, an old shepherd taught him how to play it.
ათეჯგუა მოიტერეს..	He is rather interested.
- აის მუშე ამზადენთ, ან მასაჲა მუიჲე?	What do you make it of? What material is it?
- ათჷნა ორე დასურო ლარჭემს უძახჷნა თესჷ მარგაჲურო, ლერწამი - ქორთულო.	The Megrelian for it is "larchemi." The Georgian is "lertsami" [=reed].
ლარჭემიე, ჩაანს თენა თაქ.	Reeds grow here.
ხვარენდეს თესჷ იში, მურე თიჲ ჯოხონი, ბინეხიშ სინა ვარდჷნ თი დროსჷ თეშ გაბუნაფალო, მჷკაკილარო.	It was used, what do you call it, a wire for the vine, when there was no wire, it was used for fixing vines.
ნახვილენს გინმაბუნუანდეს, ქჷგაბუნუანდეს ოსურეფ მინდორს დო ჩაანდ თენა.	Women hung and fixed washed clothes with it; and reeds grew.
მა ვამჷჩანს, მარა ათაქ მეზობელს უჩანს ართ დიხას, მაჟია დიხას, მუდა დიხას ჩანსჷ დო ეთეურეგანშე რე თენა მოღალირჷ.	I don't have it but my neighbor has on one spot, on another as well, it grows on many locations and is brought from there.
ენა შიშხვათ გიშაგორე ოკო თენა.	You have to choose it with respect to thickness.
ოდო მიღჷ ასე ოძირაფალო, ნამდა პირველ საკრავიე, მიოგამალიე ვამიჩქ საკრავიშ სახელ მარგალურო.	I have something to show you; this is the first musical instrument. It is percussion. I don't know the Megrelian word for the instrument.
ოდო მარგალური, ათჷნა მარგა... ათეთ იჭყაფჷ არძა მა... ინა საკრავ, მარგალურჷ საკრავეფ.	It was Megrelian. This is the beginning of al Megrelian musical instruments, a history of Megrelian musical instruments.
ლარჭემიშ ისტორია ათეჯგუა რე მოკლეთ.	This is the history of a pipe in short.-ათე პატჷნეფიში გურშენი მუ შილებე, მუ გჷგაშინენა, ჯვეშო უჩქუდეს ხო, ხვამა, წირუა?	What can you recollect about "batonebi" [=rashes]? Did people practice praying in the past?
- პატჷნეფშე ხვამათ უჩქუდეს.	They prayed when a child had batonebi.
უკული წითელე პატჷნეფი მიდგას ოსურუდუნ, ქიგეგონენდეს შხვადო სოდგა რდჷნჷ, თექ ოკო მიდეუნესკო თე მუნეფიში ბაღანა, თიშ ოძირაფშა მუდგარენი ტკბილეულით, ხილეულით დო იშო აშო გილმეშეს.	Then, when someone had measles, they learnt where someone else was also infected, and they had to take their child to visit another one bringing sweets, fruit, and went to and fro.
დო პლიუს ათეს ხოლო რდჷ ჯა ნეძი.	And, moreover, there was a ritual of a walnut tree.
ნეძი რდჷ ჯა, ნამუში ფესვის შილებედჷ თი ბაღანა გაგთატარკონჷ ფესვი დო დიხაშ შკას.	A walnut was a tree under roots of which you could let your child pass, between a ground and a root.
თიჯგუა თხრილი რდჷ, ბაღანაში გჷთოჸუნაფა დო გატარება შეილებუდ.	There was a ditch under which a child could pass.
დო მუდა ბაღანა გეტარებუდუნჷ, თიშ მიხედვით ჭითა ლენტეფი მიკიბუნუაფუდჷ თექი.	And, as many children were let to pass it, as many red ribbons were hung up there.
თი ლენტეფი ირიათო თექ რდჷ.	Ribbons were always there.
მეუძინანდ კოჩჷნ, მეუძინანდჷ, მეუძინანდჷ დო დღას, მუშით დელპებუდჷდა ვარა, კოჩი ვანკონწყჷნდჷ, ჭუალა ვეშილებედჷ.	People added and added ribbons, and, if only it got rotten by itself, otherwise nobody removed them.
-მუ ვაშინერდ თე დროს მაგალთო, პატჷნეფი გიზოჯჷნდ ოჯახის თიწკმა?	What was not allowed to do in a family with a child infected with "batonebi"?
-პატჷნეფი გიზოჯჷნ თი დროს ხმაური ვეშჷლებედჷ, ჩხუპ ვეშლებედჷ, ღვინიში შუმა ვეშილებედჷ, რდიკო ოკო მშვიდას, წყნარას, ნორმალურო.	When there was "batonebi", it was not allowed to make noise, to fight, to drink wine; you had to behave in a peaceful, calm, normal way.
-დიხაში ნჭყოლუა.	To dig earth.
-ვაა, ვეშილებედჷ დიხაში ნჭყოლუა მუთუნით, მუთუნი ცუდიშ გაკეთება მუთუნიშ ვეშლებედჷ.	No, it was not allowed to dig earth; it was not allowed to do bad things.
-აჰა, გასაგები რე, ჯგირი, მადლობა.	Ah, I understand; thank you.
- რას... [მუს იჩიებუქ სკან გოლვაფრო].	Not at all, my dear.-ჯგიირ, ასე გეგნოვთაათ თქვაან სოფეჲშაა, თქვაან სოფეჲს ჯოხო თარგამეულიი, თე სახეჲქ მუშეენ გიადუუ, მუშეენ გიოდვეეს თე სახეი?	All right. Now let us turn to your village. The name of your village is Targameuli. Why was it named so?
-ანუ თარგამუჲი თაშიეე, მარგაჲურო გეგნიპონაათ, ნამუთ ჯოხოო მოსვანჯეჲი დიხაასჷ, სოდეც ორდუ, უჲი დიხას უძახუუთ ჩქიი - მარგაჲეეფ, სოდეც ქუმოხვაად თე ხალხიშ ართ ართ დასახლებააქ თე ადგიჲს.	Well, Targamui - this is how it translates into Megrelian, which means 'rested land', where there was, this is how we, Megrelians refer to a land where nobody has stepped; this is where these people settled, this place.
ანუ რე თარგამუჲი, ტეხირ მეეურს, ტეხირიშ კვარჩხან დო მარძგვან სანაპიროეეფს ხალხი ცხოვრეენს.	Here is Targameuli; the river Tekhuri flows, people live on the left and right banks of the Tekhuri.
ცხოვრეენდ ადრე საუკუნეეფს გოჲაას, სოდეც ამდღაა ხვაჲე რე შემორჩენიი წმინდა გიორგიშ ეკლესიაა, სოდე ოხვამეეს უძახუდეეს ჩქინ წინაპრეფიი დო თინა ორდუ.	In earlier centuries, they lived in the mountains where presently only St George's church is preseved which our ancestors referred to as a shrine.
სასაფლაო ხოჲო თექი დუ.	There also was a cemetery.
უკუჲ უკუჲ ხალხიიქ თუდო თუდო გიჲეკიინ, თიგურშენ ნამდგა ტეხირ უფრო დიდ მაშტაბიით ორდ გოფაჩიჲი დო წყარი უფრო დიდი რდჷ; მუჭო დეერკუ ტეხიირქჷნი, უფრო თუდო ტეხირს, სანაპიროეფს გეეშენ, გეეშენინ სოფეჲქ.	Later on, people moved downwards because the Tekhuri was spread more widely and water was spread over more territory; as soon as the Tekhuri got lowered, villages appeared on its lower banks.
-თე სოფერს, ანუ მუზმა ხანიე მუთ ანუ რე, ქოიჩქჷნადაა, მუზმა წანაე არსებეენს დო მაგაჲითო მუ გვარიი ხაალხ ცხოვრეენს თააქ დო მუზმა კომლიე?	How long does the village exist? Do you know people of which surnames live here? How many households are there?
-თარგამული მარგაჲურო, ჩეულებრივ თარგამული სოთინ ვაა... ისტორიაას ბრეჲ ვგორი დო ვააჭარ, ნამდგა საწყისი მუდროშე რე, მარა მუჭო თაშინ, ხალხიი ძირითადო თაქ შხვადოშხვა გვარეფი ცხოვრეენს.	Targamuli in Megrelian, normally, Targamuli nowhere... Iooked a lot in history [=sources] and it is not written from which time it exists, but people of various surnames live here.
რე სიტყვაშა მიშველიეფი, ნარუსკუაჲეფიი, რეენა სართანიეეფ, ფარცვანიეეფ, ცავეფი, რე მრავალფეროვნება გვაარს.	For instance, there are Mishvelia, Naroushvili, Partsvania, Tsaava; there is a diversity of surnames.
ძირითად ჩქიინ სოფეჲიში ართ ართ კულტურა, ნამუც რე ბინეხი დო მებინეხეე ხალხ ცხოვრენს თაქ; ნერგიი, ნერგეფი გიშმაჸუნა მარგაჲურ ჯიშეფიი.	The principal culture of our village is vine; vine-growers live here. Vine saplings are growm here, Megrelian breeds.
თაქ ორდ ადრე მარგაჲურ ჯიშეფიშ ართ ართი აკვანიი დუუ.	In the past, it was one of the cradles of Megrelian breeds.
ძირითად სამარგაჲოშეე, მუთ უმრავლეესწილო, მუთ გოოჩაანს ბინეხიინ, თაურეშე მუთმოხვადუუ მომარაგებაა, ჩქინ კუთხუში.	Most of the vineyards in Samegrelo were supplied from here, from our area.
-აი თე სოფერს თქვაან არძაშეე საყვარეი ადგიი ნამუე; ნამ ადგიი გიორა არძაშე მეტო დო მუშენი?	Which is your most favorite place in this village? Which place are you fond of most of all and why?
- ჩქიმ საყვარეი ადგიჲი რე ტეხირპიიჯ დო მაჟია რე ჩქიინ ოხვამეე, სოდეც წმინდა გიორგიშ სახელობაშ ეკლესია მიღუნაა.	My favorite place is a bank of the river Tekhura and another one is our shrine where there is St George's church.
თექ ეკიჲენქჷნ ჟიდოხშეე მთელ, მთეჲი სოფეი მორჩქუუ დო აი თექ შურიიშ სიტიბაას გინაფუჲენქ რაა, ათაშ ქოვთქუათჷ.	When you climb there, the entire village is visible from above and you perceive warmth of soul there, so to say.
-დო თე სოფეერს, აი თუნდაც ოხვამეობა ახსენიით ასე თქვა, რენო თიიწკმა დაკავშირებუჲ მუთუნ თქმულებაა ან გადმოცემა, ნამუთ თი ოხვამეეს უკავშირდებუუ ?	You just mentioned the shrine. Is there any legend associated with the shrine?
- ჩქინ გვარიიშ ართ ართ რე ისტორია მუჭო მიჩქუნან, ჩქინ გვარიიშ, ანუ მფარვეჲი ხატი რე წმიდა გიორგიშ ოხვამე, სოდეც ჩქი ისტორიაშე მუურსუ ნამდგა, ჩქინი გვარი განსაკუთრებუჲი იცვეენდუ წეს ჩვეულებეფს.	As far as I know from the history of my family, the patron icon is St George's church; it has been known historically that our family followed customs in a particular way.
დღესასწაულეფ, წმინდა გიორგობა წანაშე ჟირშაახ რე, ეჩდოსუმ ნოემბერს დო ამშვი მესისჷნ, ჩქინ კუთხუშოთ განსაკუთრებუჲი ათინადჷ ნამდგა, განსაკუთრებუჲი დღესასაული, ნამუსუც ჩქი წმინდა გიორგობას ეთმებღნიშნენთჷ.	Holidays, St George's Day is celebrated twice a year: on November 23 and May 6. For our area it was particular, a particular holiday which we celebrate, St George's Day.
არძა ჩქინ გვარიიშ წარმომადგენეჲი, ასე რე ჩქინ სოფეჲიშ, კურთხუუშ ხალხი.	All representatives of our surname are people from our village.
-ანუ თე დღესასწაულს ანუ მუდროს ათმაღნიიშნეენთ, ეჩდოსუმს თუ ამშვიის?	Well, when was the holiday celebrated, on 23 or 6?
-ეჩდოსუმ ნოემბერს დო ამშვ მაის... მესიის.	On November 23 and May 6.
-ანუ ჟირხოჲო დღესასწაუს ათმაღნიშნენთო?	That is, did you celebrate it twice?
-ჟირხოჲო დღესასწაუულ ეთმეღნიშნეებ ჩვეულებრივო.	We normally celebrate both holidays.
-დო მუს აკეთენთ; ანუ მუჭო ათმაღნიშნენთ, მუს ორთჷთ?	And, what do you do? How do you celebrate it?
-ანუ ეთმეღნიშნეებ ძირითადი რე, მეურსუ, წირვა მეურსუ.	How it is celebrated, a divine service is performed.
საეკლესიო გოფჭოფათჷნ, პაპა მუთმუურსუ დო, ბაბაჩია, ათაშ ქოფთქუათჷნჷ.	As its religious aspect, a priest arrives, a "babachia" [=father], so to say.
მუთმუურს, წირვას აღავლეენს დო უკუჲ ჩვეულებრივ ტრადიციულ ტრაპეზი იმართებუუ.	He arrives, performs a divine service, and afterwards there is a traditional dinner.
მთეჲ სოფეჲიშ ხალხიი, ბაღანეეფ, ახალგაზრდობაა ტრაპეზიის ქიინკუდოხოდუუთ დო ჯვეშ ამბეეფს გოშინა მეურსუ, ჯვეშ წესეფიშ გოშინა მეურსუ დო თააში.	People from all over the village, children, youth join a dinner, and old stories are recollected, old customs are recollected, and so on.-ართ ჭიჭე მუდგარენ, ზღაპარივით არის ეს.	This is like a small fairy tale.
ეთი დიიდ ბაბჷ ხომ ქორდ, დიიდ ბაბჷ.	I had a great grandfather.
ჩქიმ მუმა საერთოთ ნუ შხვანერ კოჩიდ თი დროს.	Generally, my father was a different man for his epoch.
ირთუდუნ ეფერ დო ბრელ ჸუდე აფ გჷმნათირა.	He moved a lot; he changed many homes.
ასე ონჯღორე რე თქუენ, მარა - ბრელი ეშ განათლება უღუდ, ჭკვერი დუ დო მორაგადეთ - ირკოჩიშ უჯგუში.	Well, it is a shame to say that but he changed many homes; however, he was educated. He was smart and spoke well.
ოდო ქალაქშა მიდაფთით ოცხოვრებშა.	He moved to the city to live there.
ჭიჭე ვორდი, თენა რე ეჟდოვითოჟირი.	I was little. It was in 1932.
ლეხი რე ჩქიმ მუმა.	My father was sick.
სოდე მეურს უნჩაშინ, თექ ოკოპუნთ ჩქი, აბა მუ ფქიმჷნათ დო ქიშმოტყვინეს, ბაბუქ დოღურუა, დიდ ბაბუქ.	Wherever he went, we followed. What could we do? We were informed that grandfather died, great grandfather.
დო მალაფთით, მუუთ?	And, what did we travel by?
ჩქიმ მუმა ცხენც გეხე, ჭიჭე ჯიმა მიჸუნცუ, სუმ წანერინ, ათაქ უკებ დო ჩქიი, მა, ჩქიმ დიდა დო უნჩაშ ინა, კუჩხით ეკოფთხოზუთუ.	My father was riding a horse. I have a younger brother. He was carrying him, and we: I, my mother and my elder borther were following him.
ეეჩი კილომეტრი, ეს ზღაპარივით რე, თიშენ გირაგადუქ.	We passed twenty kilometers. It is like a tale; that is why I am telling it.
ეჩი კილომეტრი მიდაფთით დო ქიმეფთით ბაბუშ ჸუჩა.	We passed twenty kilometers and came to grandfather's house.
ათე ბაბუ, ექ ოდას ჸუდეს ვარჷნ, ეთი ქუხნას დიდ ინა, შქა დიხასჷ ქუდუდგუმნა ინა დო ბაბჷ გილაჯან თაქ.	Grandfather didn't lay in the oda house. A big bench ws placed in the middle of the kitchem, and grandfather lay there
ასე იშო ვამნომრთუმ მა.	Well, I didn't enter.
ღურელ დღას ვამაფ ნაძირეფჷ, წარმოდგენილ ქჷგაფნო?	I haven never seen a dead. Can you imagine?
ოოდო ათაშ ქინთუოჯინით მა დო ბიძისკუა მიჸუნდ ხოლო ჭიჭეთ უკლაშ ჩქიმი.	And, I and my younger cousin looked at him. He was a little bit younger than me.
აათენა უჯინითოო, ბაბუშ ჩხვინდ ნებეტან ჟი აფ ეკუნელჷ.	When we looked at him, we saw that grandfather's nose was raised too high.
თენა ქობძირით დო გენწომიოლეს ძიცაქჷ.	We saw that and burst into laughter.
მუთუნით ვამმატებეს თექ, სოიშახ ოთხირეშა ვებდითჷ.	I couldn't stop it until we went to the hazelnut grove.
იახა ამდღა ხოლო მაძიცინუაფ.	I still laugh.
აართი.	This is one.
მაჟია რდუ ხოლო.	There was another.
ხოლო მა დო თი ჩქიმ ბიძისქუაქ მიდაფრთით, ღელე ქოიჩქჷნო მურენ?	Another one is that I and my cousin; do you know what 'gele' is?
-ქო.	Yes, I do.
ხომ ქოიჩქ?	Do you know what it is?
-ჭიჭე წყარი.	A small river.
-ო, დაგუბებული წყარი, მინ ლეტამ, მინ მუდგარენჷ დო შარაპიჯი რე.	Yeah, the riverr was dammed up, sometimes muddy, sometimes somethings, and it was along the road.
ჭიჭე ვორეთ, ჭიჭე, იმმა სკოლას ხოლო ქუორდიო, ვამიჩქ.	We were little; however, I don't remember whether we went to school or not.
ოდო კუ, თენას ოპჭოფუნთ, ენიბლენთ ღალჷშა.	And, we caught a turtle and went into the river.
ათაქ ქეწიფხუნუა, მალეპუნანქ შარას, ქუალეფ ქუგუნწკარი, ხოლო მაჟია ოკო ოპჭოფე.	I put it on my lap, took towards the road, putting stones around it. I wanted to catch another one.
მუშო მოკონ მისჷ უჩქჷ.	Nobody know what I want them for.
ოდო ქუმოფრთიო, ენა ვარე უკვე.	And, when I came back, the former one was no longer there; it escaped.
ა დო, ბოლოს ირო თაშ ქჷგმოსკიდჷ ოდო ათე ართ ჭოფილ მალეპონით დო მალაფთით ჸუჩა.	Finally, I was there. I took another turtle, which I caught, and went home.
სო?	I didn't know where to take it.
ვართ ჩქიმ ეზო, ვართი... არძას უღჷ ონჭა.	Neither to my nor to other people's yeard... Everybody has their "oncha" in their yeards.
ონჭა ქოიჩქჷნო?	Do you know what "oncha" is?
-ჭა, ხო?	A well, isn't it?
-ჭა.	A well.
-წყარიჲ ეშაღალარ.	To get water from.
-ონჭა მარგალურო.	The Megrelian for it is "oncha".
აათენა ირკოსჷ უღუდჷ დო მუ ბღოლათ თეს დო გებჭოფ დო იშ ქენთუოხუნე თექ.	We all had a well. What to do with the turtle? I put it into the well.
ქენუორაგვე, ააა ტომბარდ, დიიდუფ, ეენა მუჭო ფქიმინი მა.	I dropped it into it. It was deep. Alas, how did I do that?!
ჩქიმ ბაბუ, მითინიშ ვაფშჷ, მითინიშ დო ბაბუ მით უმეტეს მითინს ვალახუნდჷ, თენა ტყურარდ.	My grandfather. No one and, paticularly my grandfather used to beat me. That wasn't true.
თხირიშ ჭინჷ გეჭოფუ დო ძაამ მანგარო გობლახუ, ჭიჭე ბაღანა დო იმტი ოთხირეშა.	My grandfather took me a hazelnut twig and beat me brutally, and I ran away to the hazelnut grove.
ოთხირეშე იშო გინიბლი დო სოდგარენჷ ოო სერშა დო უკულ ობჭოფუ დო ქომხუტორუ დო ხომ ქოიჩქჷნია აა, მუზმა წანა რე, გაკვეთილ ვაგობჭყოლადჷ.	I left the hazelnut grove in the evening. Then, my grandfather caught me and hugged me; he said: "You do know what you did." So many years passed and I have not forgotten that lesson.
თენა ათეცალ, მეტ ბრელ მუთუნ ზღაპრულ, ბრელ მუთუნ, მარა ინა ასე ვაუხუჯანს, უკულ.	That is the story. There were so many fabulous ones; however, it is impossible to tell all of them.
ბეევრი ცხოვრება ბრელ მუთუნს გოძირანსჷ კოჩის.	Life can show one a lot.
ეზმა წანა ვართ უნაკლოთ ოდო ვართი შეუმჩნეველო ვემეურსუ.	Many years leave dissaponitments and traces.
ბრელი რე ენა დო ოშნერ მუდგარენჷ.	Many years passed and a lot happened.ჯვარიში, ათე ტერიტორიასჷ ოხუუ დო ტობავარჩხილჷცჷნ ფერი, ლეგენდა რე ართ ათეშნერი, ნამუთ მა მაბრუო კლასის ვორდინ თიწკჷმა, ქჷდმავალეს სკოლას.	There is a legend about this territory of Jvari and Tobavarchkhili Lake; I was assigned to record the legend when I was at school, in the eghth grade.
დო ჩქიმი მეზობელ კოჩქ დო მანგარ, ვეფხისტყაოსანც ზეპირო რაგადანდ დო მუ ხოლო ლექსეფს ჭარჷნდჷნ ფერ კოჩქ, გალ სამუშია რდჷ დო თიქ ქჷნმოჭარაფუ დო ათეშნერ რე თე ლეგენდაა:	My neighbor, a great man who knew "The Knight in the Panther's Skin" by heart and he composed verses himself, such a man, it was Gali Samushia, and he told me it; and the legend was the following.
ჯვარშავა მიშუა იშ ყარაჩიშჷ, ყარაჩ ჩრდილოეთ კავკასია რე, ყარაჩაი-ჩერქეზეთის რესპუბლიკა რე ასენ, ყარაჩშევა გილეშუა ოჩოკოჩი, დეემ კოჩი მუდგარენ, ნამუთია ათაქია ქიმიშუა დო გეუვალუანდუა თე მეწონებუდუნი ფერ ძღაბის დო მიდეჸუნანდუა იშო.	Ochokochi [goat-man] used to visit Jvari from Karachi. Karachi is situated in the North Caucasus, which is the Republic of Karachay-Cherkessia presently. He said that it as a giant man who came here, got hold of a girl he liked and took her away.
თეშა მუთუნქ ვემმახვარჷნესია ჯვარელეფც, მუთუნცუ მუთუნით ვამარიებესია თეშა დო ბრელ ხანც იწვალებდესია თაში.	He said that people of Jvari could do nothing to help, could not take over him, and they thus suffered.
დო ამ დროს გამკორჩქინდუა თე დროს თაქი ხოლო ათეჯგურა დევგმირ მიდგარენი კეთილ კოჩქ დო არამხუტუ ჯოხონ ფერ კოჩი, არამხუტუ ჯოხონ.	And, it was then when another giant man appeared, a kindheart man, and the man, Aramkhutu by name, [appeared, Aramkhutu by name.
დო თინა ხოლო ადგილობრივ ვაჸოფე, მარა გამკორჩქინდუა თექ.	He was not a local resident but he appeared.
ჯვარალემქ ქოთხიისია თესჷ, ქჷმმახვარითია.	People of Jvari asked him for help.
ათეჯგუა, ათეჯგუა თაშია, თაშიან, უწუა - ჯგირია ოდო ქჷდოხვადუა წი თი კოჩქ ქჷმორთუან.	They told him everyhting what happened, and he said "all right', and, that year, he met the man when he came there.
თინა გილეშუა ათაქ ოხაჩქუე ჯოხო გვალა დო ეთექ ჯოხო ყვირა.	He walked here there is the mountain named Okhachkue, and there its name is Kvira (the mountain and there).
გიმე ხო მოურც ამარი, ათაქ მაგანა მოურდუ მდინარე დო ათავრეშე რე ყვიირა, ორი ათას მეტრამდეა სიმაღლე, ეურე ოხაჩქუე რე, თენეფ ჟირხოლო ჟიშე გინაჯინექჷნი, სკვამ რენა ჯიმალეფცაჲე.	Running downhill here, there was the river Magana, and, on this side, there is Kvira, two thousand meters high, and, that side, there is Okhachkue. They both stand as brothers, and they are beautiful when look down at them from above.
ხოდა თექ გვალეფც რე ინჭეფი, ასე ხოლო, თის სამკუთხედჷ ათეშნერი ინოსოფილი ადგილეფჷ.	Well, in the mountains, there are wells, lowered spots in a triangular way.
მინ დიხას თირ ხოლო ინოსკიდ ჯიშტი დო ჭყჷშეფ თექ მუდას ინოდვანა, ხორცის შენახჷნა ა მუდგარენეფ ფერ.	In some places, snow remains, there is 'jishti' [snow trapped in the hunnel], and herdsmen keep things there, meat and various things.
თინა ბრელ რე თი გვალასჷთ დო თე გვალასჷთ.	There are a lot of spots like that both over this mountain and over that mountain.
ჸათე ყვირასჷ რე ქუაქანცალია, ეს ცალკე დასრ... თე ლეგენდაშ ბოლოს რე თი ქუაქანცალიაშ გურშენჷ, დაკავშირებულ რე თეწკჷმა.	Over the mountain of Kvira, there is Kvakantsalia. I'll tell you about it at the end of the legend. It is related to this.
ქჷმორთ, პირდაპირ ქინკიჯინ ასე თეურშენი გვალასდჷნი, თაურშე ქჷდუძახუა არამხუტუქ, ვეგმართავა, თაქ მა ვორექია დო ვაქიმინავა თენა.	He arrived. When he looked directly hither, when he was over the mountain, Aramkhutu called him not to come down there because it was him who was there and not do it.
დო ექ უწუა, სი მი რექ, თაშ თეშია დო მოკლეთ იწკჷმა ქიბჩხუბათია.	And he asked who he was. The other one told him, and, in a word, then they decided to fight.
ყვირას ქჷგმოდჷრთ არამხუტუქ, ყვირაშ გვალასჷ, ოხაჩქუეს - ოჩოკოჩიქ დო ქუდუჭყეს ართიანს ქუალეფიშ ჸოთამა.	Aramkhutu stood on over Kvira and Ochokochi stood on over Okhachkue, and they began throwing rocks at each other.
ასე ენეფ ოჸოთანდეს თე ქუალეფ, მუშ მადიდა იჸედ, ხომ ქო.	Well, the rocks they were throwing would be huge, right?!
ხოდა, იბრძოლეს კაი ხანი, რაღაც ვაფშ ასე, მარა თექი რამდენიმე, მუზმარენ დღასჷ.	And, for a long time, I hardly remember it now, but several days.
დო ბოლოს არამხუტუქია დოჭკირუა, ქჷმახვამილუა თი ქუა დო უკულ მაღურუდუნ ფერქ აშო ქაჸოთუა თი ბოლო ძალათ დოშაყარუუა რახანთჷ, ქაჸოთუა დო არამხუტუს ქჷმოხვადუა ხესჷ, კჷლეს დო ჭი გოჭკირუა რა, დაჭრა.	And, finally, Aramkhutu wounded him; he hit him with a rock, and then the other one who was dying threw one back with his final strength as he gathered strength, he threw it and hit Aramkhutu's arm, and wounded him slightly; he wounded him.
იქ დოღურჷ.	He [Ochokochi] died.
დო არამხუტუ ღორონთეფიშ ჩამომავალიდუა.	Aramkhutu was a descendant of gods.
უკულია ტობავარჩხილს ქინიბონუა თე ხე.	Later, he washed his arm in Tobavarchkhili.
ოდო ათიშ გურშენ ტობავარჩხილიშ წყარ რენია წმინდა დო ამდღა ხოლო ასე, მა ხოლო გილუურქუ ტობავარჩხილშა, ასე ბოლო წანემს ჟირ სუმშახ ქუვორდი დო იშენ ვორიდჷდ თი ამბეს, მით უმეტეს - ჯვეშეფი.	That is why the water of Tobavarchkhili is holy, and, even presently, I held back from it, particularly, older generation; I too visit Tobavarchkhili. In recent years, I was there two or three times.
თუმცა ჩქი ართო ვორდით დო მიდაფრთითჷნი, ართ ჩქჷნ ჯგუფიშ წევრიქ, თანმდებობაშ კოჩქ პირდაპირ ქინასხაპ დო ტან გიბონ თექ იშენიშენჷ.	However, we, several men, visited it together, and, when we arrived, one of our group, a public officer jumped into it and bathed thereby.
და ართ სათიშ დინახალე, ასე შხვანერო ვაგომგათ, მარა ართ სათიშ დინახალე, ესეგი ხუთ დღას ვარდ სოთინ ჭვიმა დო თიჯგუა მერეხიქ გიმალჷ, მიბრულედით გიმე, ონდო ელაფთით ჭყჷშიშ კარეშა.	In an hour, please understand my words correctly, but in an hour, for five days before that there had been any rain anywhere, there was such a shower of rain that we ran downhill until reached a herdsman's tent.
ხოდა რაც შეეხება ქუაქანცალიას.	And, as for Kuakantsalia.
ქუაქანცალია რენია არამხუტუს ვარდუაო აშო მოხვად ბოლო ქუაქჷ დო ჭკჷრჷნ, თინა რენია ქუაქანცალია.	Kuakantsalia is the rock that hit and wounded Aramkhutu. That one is Kuakantsalia.
ქუაქანცალია გჷნაგებ ქჷგაფჷნანო თქვა?	Have you heard about Kuakantsalia?
ქუაქანცალია ნამდვილ ვთოჟირ ტონაშ ქუა, ნამუთ მჷკოძ თე გვალასჷ, გეძჷ კჷნჷ მაჟია ქუასჷ დო კჷთჷს ქჷნკოდვანქ ჸათაშ თინა ხოლო და, დიკაკუანს, მიკ მიკ, კაკ კაკ.	Kuakantsalia really weighs twelve tons lying over the mountain. There is another rock over it, and, when you touch it with your finger, it begins knocking: mik-mik, kak-kak.
ვითოჟირ ტონიან ქუა რე, ვით ვითოჟირ ტონიან ქუა, აჸ.	The rock weighs twelve tons, ten or twelve tons, eh.